entity,end-date
626019,2023-03-31
626020,2023-03-31
626021,2023-03-31
626022,2023-03-31
626023,2023-03-31
626024,2023-03-31
626057,2023-03-31
626058,2023-03-31
626059,2023-03-31
626060,2023-03-31
626061,2023-03-31
626062,2023-03-31
626063,2023-03-31
626099,2021-03-31
626100,2021-03-31
626101,2021-03-31
626102,2021-03-31
626103,2020-03-31
626104,2021-03-31
626105,2021-03-31
626233,2020-03-31
626234,2020-03-31
626235,2020-03-31
626236,2020-03-31
626314,2023-03-31
626315,2023-03-31
626316,2023-03-31
626317,2023-03-31
626329,2024-12-01
